{
  "length_only": {
    "auc_roc": 0.5502420568731948,
    "auc_pr": 0.5707107287547766,
    "f1": 0.5209068010075567,
    "mcc": 0.08654773763218515
  },
  "aa_composition": {
    "auc_roc": 0.860473351553861,
    "auc_pr": 0.8215724463851426,
    "f1": 0.7803716055264411,
    "mcc": 0.5567114127755248
  },
  "length_plus_composition": {
    "auc_roc": 0.8626692456479691,
    "auc_pr": 0.8228604737524818,
    "f1": 0.7879942829919009,
    "mcc": 0.572097486281434
  },
  "dipeptide_composition": {
    "auc_roc": 0.8827993535287786,
    "auc_pr": 0.8586780681459741,
    "f1": 0.7864609258337482,
    "mcc": 0.5895550301082391
  },
  "kmer_k3": {
    "auc_roc": 0.8744771460588555,
    "auc_pr": 0.8489781533537657,
    "f1": 0.7420911528150134,
    "mcc": 0.5513266396734933
  },
  "kmer_k4": {
    "auc_roc": 0.8570412846581432,
    "auc_pr": 0.8601767061609114,
    "f1": 0.5716171617161716,
    "mcc": 0.4536213207195749
  },
  "gapped_g1": {
    "auc_roc": 0.8664859407302758,
    "auc_pr": 0.834160966066813,
    "f1": 0.7705326032852166,
    "mcc": 0.558700603794118
  },
  "gapped_g2": {
    "auc_roc": 0.8582996475474405,
    "auc_pr": 0.8247288805008822,
    "f1": 0.7541478129713424,
    "mcc": 0.532676587713695
  },
  "gapped_g3": {
    "auc_roc": 0.8822131653790252,
    "auc_pr": 0.8532948065451638,
    "f1": 0.7980198019801981,
    "mcc": 0.6092967200500613
  },
  "gapped_combined": {
    "auc_roc": 0.8975150800137579,
    "auc_pr": 0.8706695349676297,
    "f1": 0.7971745711402624,
    "mcc": 0.6171421444420766
  },
  "cnn": {
    "auc_roc": 0.9035997869751581,
    "auc_pr": 0.904969387276375,
    "f1": 0.8283968030089328,
    "mcc": 0.6493265995872842
  },
  "hmm": {
    "auc_roc": 0.9475837768268915,
    "auc_pr": 0.9311519717839808,
    "f1": 0.8117913832199547,
    "mcc": 0.7178401485776429,
    "score_diff_full_auc": 0.9470207033518128
  }
}