{
  "ProGen2": {
    "params": [
      151000000.0,
      764000000.0,
      2700000000.0,
      6400000000.0
    ],
    "probe": [
      0.974970505675115,
      0.9840508744743723,
      0.9846712723426445,
      0.9925321109060583
    ],
    "ppl_zeroshot": [
      0.8220022116120729,
      0.7950088945268149,
      0.7987617931070191,
      0.7163015780850694
    ],
    "labels": [
      "151M",
      "764M",
      "2.7B",
      "6.4B"
    ]
  },
  "EvoDiff": {
    "params": [
      38000000.0,
      640000000.0
    ],
    "probe": [
      0.9644533286980707,
      0.9855884626337414
    ],
    "ppl_zeroshot": [
      0.7787343143817657,
      0.8782688772925135
    ],
    "labels": [
      "38M",
      "640M"
    ]
  },
  "shallow_baseline_top": 0.8828,
  "esm_band": [
    0.9668,
    0.9974
  ]
}