{
  "esm2_150m": {
    "full_auc": 0.9871861489472652,
    "human_auc": 0.95448827613968,
    "n_human": 38,
    "frac_human": 0.0367504835589942
  },
  "esm2_35m": {
    "full_auc": 0.9808952590877655,
    "human_auc": 0.9598973533259535,
    "n_human": 38,
    "frac_human": 0.0367504835589942
  },
  "esm2_650m": {
    "full_auc": 0.9935657991575163,
    "human_auc": 0.9748163429606522,
    "n_human": 38,
    "frac_human": 0.0367504835589942
  },
  "esm2_8m": {
    "full_auc": 0.9667592486436308,
    "human_auc": 0.8860823186072256,
    "n_human": 38,
    "frac_human": 0.0367504835589942
  },
  "esm3_medium": {
    "full_auc": 0.9926532318013543,
    "human_auc": 0.9804518466337929,
    "n_human": 38,
    "frac_human": 0.0367504835589942
  },
  "esm3_open": {
    "full_auc": 0.9888282154361646,
    "human_auc": 0.9556707255710979,
    "n_human": 38,
    "frac_human": 0.0367504835589942
  },
  "esm3_small": {
    "full_auc": 0.9890834014445747,
    "human_auc": 0.9707155076985005,
    "n_human": 38,
    "frac_human": 0.0367504835589942
  },
  "esmc_300m": {
    "full_auc": 0.994017922194156,
    "human_auc": 0.9696840092583274,
    "n_human": 38,
    "frac_human": 0.0367504835589942
  },
  "esmc_600m": {
    "full_auc": 0.9941593840031657,
    "human_auc": 0.9788668612257221,
    "n_human": 38,
    "frac_human": 0.0367504835589942
  }
}