{
  "min_family_size": 50,
  "threshold": 0.5,
  "families": [
    "Adenoviridae",
    "Coronaviridae",
    "Filoviridae",
    "Hepadnaviridae",
    "Orthoherpesviridae",
    "Orthomyxoviridae",
    "Papillomaviridae",
    "Paramyxoviridae",
    "Pneumoviridae",
    "Poxviridae",
    "Retroviridae",
    "Rhabdoviridae",
    "Sedoreoviridae"
  ],
  "models": {
    "esm2_8m": {
      "Adenoviridae": {
        "auc_roc": 0.9335639117463856,
        "sensitivity": 0.7966101694915254,
        "n_test": 177
      },
      "Coronaviridae": {
        "auc_roc": 0.969070133963751,
        "sensitivity": 0.8888888888888888,
        "n_test": 54
      },
      "Filoviridae": {
        "auc_roc": 0.9696204061895551,
        "sensitivity": 0.8625,
        "n_test": 80
      },
      "Hepadnaviridae": {
        "auc_roc": 0.9590869209754931,
        "sensitivity": 0.8195876288659794,
        "n_test": 194
      },
      "Orthoherpesviridae": {
        "auc_roc": 0.9438817576148331,
        "sensitivity": 0.7595959595959596,
        "n_test": 990
      },
      "Orthomyxoviridae": {
        "auc_roc": 0.9653081769543134,
        "sensitivity": 0.919103313840156,
        "n_test": 1026
      },
      "Papillomaviridae": {
        "auc_roc": 0.9647415232521617,
        "sensitivity": 0.8547008547008547,
        "n_test": 468
      },
      "Paramyxoviridae": {
        "auc_roc": 0.9715204518754968,
        "sensitivity": 0.9693251533742331,
        "n_test": 163
      },
      "Pneumoviridae": {
        "auc_roc": 0.9555497693795566,
        "sensitivity": 0.8653846153846154,
        "n_test": 52
      },
      "Poxviridae": {
        "auc_roc": 0.9238873882701796,
        "sensitivity": 0.7386196769456681,
        "n_test": 681
      },
      "Retroviridae": {
        "auc_roc": 0.9589694198890613,
        "sensitivity": 0.8181818181818182,
        "n_test": 484
      },
      "Rhabdoviridae": {
        "auc_roc": 0.9231688624502755,
        "sensitivity": 0.660377358490566,
        "n_test": 106
      },
      "Sedoreoviridae": {
        "auc_roc": 0.9819801947461522,
        "sensitivity": 0.9658119658119658,
        "n_test": 234
      }
    },
    "esm2_35m": {
      "Adenoviridae": {
        "auc_roc": 0.9642275623162749,
        "sensitivity": 0.8135593220338984,
        "n_test": 177
      },
      "Coronaviridae": {
        "auc_roc": 0.9672433555412279,
        "sensitivity": 0.8148148148148148,
        "n_test": 54
      },
      "Filoviridae": {
        "auc_roc": 0.9561291102514506,
        "sensitivity": 0.7875,
        "n_test": 80
      },
      "Hepadnaviridae": {
        "auc_roc": 0.93964984346647,
        "sensitivity": 0.7938144329896907,
        "n_test": 194
      },
      "Orthoherpesviridae": {
        "auc_roc": 0.9544526502940429,
        "sensitivity": 0.7494949494949495,
        "n_test": 990
      },
      "Orthomyxoviridae": {
        "auc_roc": 0.98424804219877,
        "sensitivity": 0.9688109161793372,
        "n_test": 1026
      },
      "Papillomaviridae": {
        "auc_roc": 0.96784332688588,
        "sensitivity": 0.8525641025641025,
        "n_test": 468
      },
      "Paramyxoviridae": {
        "auc_roc": 0.9842709829004047,
        "sensitivity": 0.9325153374233128,
        "n_test": 163
      },
      "Pneumoviridae": {
        "auc_roc": 0.9779050736497545,
        "sensitivity": 0.9038461538461539,
        "n_test": 52
      },
      "Poxviridae": {
        "auc_roc": 0.9421603796896701,
        "sensitivity": 0.7826725403817915,
        "n_test": 681
      },
      "Retroviridae": {
        "auc_roc": 0.9598266381060473,
        "sensitivity": 0.7293388429752066,
        "n_test": 484
      },
      "Rhabdoviridae": {
        "auc_roc": 0.9724827561037919,
        "sensitivity": 0.9433962264150944,
        "n_test": 106
      },
      "Sedoreoviridae": {
        "auc_roc": 0.9840260212600638,
        "sensitivity": 0.9615384615384616,
        "n_test": 234
      }
    },
    "esm2_150m": {
      "Adenoviridae": {
        "auc_roc": 0.988055819646155,
        "sensitivity": 0.943502824858757,
        "n_test": 177
      },
      "Coronaviridae": {
        "auc_roc": 0.9838455476753349,
        "sensitivity": 0.9074074074074074,
        "n_test": 54
      },
      "Filoviridae": {
        "auc_roc": 0.9784453578336556,
        "sensitivity": 0.7875,
        "n_test": 80
      },
      "Hepadnaviridae": {
        "auc_roc": 0.9392909130790246,
        "sensitivity": 0.7835051546391752,
        "n_test": 194
      },
      "Orthoherpesviridae": {
        "auc_roc": 0.9730936052986343,
        "sensitivity": 0.8363636363636363,
        "n_test": 990
      },
      "Orthomyxoviridae": {
        "auc_roc": 0.9929662432461984,
        "sensitivity": 0.9853801169590644,
        "n_test": 1026
      },
      "Papillomaviridae": {
        "auc_roc": 0.980707236026385,
        "sensitivity": 0.8589743589743589,
        "n_test": 468
      },
      "Paramyxoviridae": {
        "auc_roc": 0.9929335121216076,
        "sensitivity": 0.9754601226993865,
        "n_test": 163
      },
      "Pneumoviridae": {
        "auc_roc": 0.9927838119327481,
        "sensitivity": 0.9423076923076923,
        "n_test": 52
      },
      "Poxviridae": {
        "auc_roc": 0.9709637380459388,
        "sensitivity": 0.8370044052863436,
        "n_test": 681
      },
      "Retroviridae": {
        "auc_roc": 0.9461291302332273,
        "sensitivity": 0.7293388429752066,
        "n_test": 484
      },
      "Rhabdoviridae": {
        "auc_roc": 0.9849640524068465,
        "sensitivity": 0.9433962264150944,
        "n_test": 106
      },
      "Sedoreoviridae": {
        "auc_roc": 0.9946147233381276,
        "sensitivity": 0.9957264957264957,
        "n_test": 234
      }
    },
    "esm2_650m": {
      "Adenoviridae": {
        "auc_roc": 0.9908916062900918,
        "sensitivity": 0.9491525423728814,
        "n_test": 177
      },
      "Coronaviridae": {
        "auc_roc": 0.9570707070707071,
        "sensitivity": 0.7592592592592593,
        "n_test": 54
      },
      "Filoviridae": {
        "auc_roc": 0.9903167311411992,
        "sensitivity": 0.9625,
        "n_test": 80
      },
      "Hepadnaviridae": {
        "auc_roc": 0.9925821053261281,
        "sensitivity": 0.9123711340206185,
        "n_test": 194
      },
      "Orthoherpesviridae": {
        "auc_roc": 0.9830461285973859,
        "sensitivity": 0.8383838383838383,
        "n_test": 990
      },
      "Orthomyxoviridae": {
        "auc_roc": 0.9911290961122988,
        "sensitivity": 0.9619883040935673,
        "n_test": 1026
      },
      "Papillomaviridae": {
        "auc_roc": 0.9785952817867712,
        "sensitivity": 0.8162393162393162,
        "n_test": 468
      },
      "Paramyxoviridae": {
        "auc_roc": 0.9934912366057126,
        "sensitivity": 0.9877300613496932,
        "n_test": 163
      },
      "Pneumoviridae": {
        "auc_roc": 0.9896034816247582,
        "sensitivity": 0.9038461538461539,
        "n_test": 52
      },
      "Poxviridae": {
        "auc_roc": 0.9757922272684669,
        "sensitivity": 0.8458149779735683,
        "n_test": 681
      },
      "Retroviridae": {
        "auc_roc": 0.9764554726089806,
        "sensitivity": 0.762396694214876,
        "n_test": 484
      },
      "Rhabdoviridae": {
        "auc_roc": 0.9898635086310719,
        "sensitivity": 0.9339622641509434,
        "n_test": 106
      },
      "Sedoreoviridae": {
        "auc_roc": 0.9879316900593496,
        "sensitivity": 0.9444444444444444,
        "n_test": 234
      }
    },
    "esmc_300m": {
      "Adenoviridae": {
        "auc_roc": 0.9895966516954616,
        "sensitivity": 0.9096045197740112,
        "n_test": 177
      },
      "Coronaviridae": {
        "auc_roc": 0.9751414857797838,
        "sensitivity": 0.8333333333333334,
        "n_test": 54
      },
      "Filoviridae": {
        "auc_roc": 0.9904013539651838,
        "sensitivity": 0.9375,